{"mean_squared_error": [NaN, NaN, 114.33411773860607, 930.4230346679688], "mean_q": [NaN, NaN, -1.2045666036405125, -11.582927703857422], "nb_episode_steps": [50, 50, 50, 50], "loss": [NaN, NaN, 57.167058869303034, 465.2115173339844], "duration": [1.0045329060000086, 0.6224577849999378, 1.4977734049999754, 0.9900953469999649], "episode": [0, 1, 2, 3], "nb_steps": [50, 100, 150, 200], "episode_reward": [-18.51775878632363, -23.87562653029826, -824.9326959833536, -2049.065871271961]}