{"nb_episode_steps": [30, 30, 30, 30, 30, 30, 30, 30, 30, 30, 30, 30, 30, 30, 30, 30], "duration": [3.4961114800007635, 3.178520366000157, 3.0225314649997017, 4.025501149000775, 3.5719417389991577, 3.5763933479993284, 3.5278647350005485, 3.5452647090005485, 3.5615706850003335, 3.559621807999065, 3.5627022739990934, 3.556090074000167, 3.5597889969994867, 3.5409749779992126, 3.566670216998318, 3.5156863550000708], "mean_squared_error": [NaN, NaN, NaN, 86917.0427631579, 80395.984375, 43381.9453125, 4117.8720703125, 3018.634521484375, 2802.79541015625, 2107.538330078125, 1847.4459228515625, 2511.54736328125, 2048.834228515625, 1329.2054443359375, 1056.97412109375, 1054.35595703125], "episode_reward": [-7754.382338885348, -7659.6912646935425, -7666.516686378839, -7931.785998164543, -8374.787110675761, -8031.929995734297, -11012.846241849576, -8664.960555085048, -8623.434487094637, -7646.442220654978, -8752.721743584894, -9003.503244223119, -7990.048324742293, -9460.610629748808, -9718.07251836397, -9838.208423012436], "loss": [NaN, NaN, NaN, 43458.52138157895, 40197.9921875, 21690.97265625, 2058.93603515625, 1509.3172607421875, 1401.397705078125, 1053.7691650390625, 923.7229614257812, 1255.773681640625, 1024.4171142578125, 664.6027221679688, 528.487060546875, 527.177978515625], "mean_q": [NaN, NaN, NaN, -0.7499072217676592, -16.42461395263672, -102.09364318847656, -290.04931640625, -317.38385009765625, -328.79010009765625, -328.1865539550781, -322.1262512207031, -325.9566345214844, -333.1507568359375, -332.26898193359375, -338.74090576171875, -340.45184326171875], "episode": [0, 1, 2, 3, 4, 5, 6, 7, 8, 9, 10, 11, 12, 13, 14, 15], "nb_steps": [30, 60, 90, 120, 150, 180, 210, 240, 270, 300, 330, 360, 390, 420, 450, 480]}