{"mean_squared_error": [174.776949636862], "episode": [0], "mean_q": [-64.99639841532188], "episode_reward": [-5920.203511326593], "duration": [6.089324435997696], "nb_episode_steps": [800], "loss": [87.388474818431], "nb_steps": [800]}