{"episode_reward": [-5748.441977640615], "nb_steps": [900], "duration": [7.595481443000608], "mean_q": [-60.76451712541191], "nb_episode_steps": [900], "mean_squared_error": [164.32115740823713], "episode": [0], "loss": [82.16057870411856]}